epoch,step,train/loss,train/reward,train/reward_vs_time,train/time
0,49,4.529335975646973,3.5687499046325684,3.5687499046325684,3.3949637413024902
0,99,1.5634474754333496,3.6390626430511475,3.6390626430511475,6.765037536621094
0,149,-2.0503063201904297,3.6156249046325684,3.6156249046325684,10.446816444396973
